"Degree","Country","Year","Undergraduate enrollment","Undergraduate enrollment total","Undergraduate enrollment (%)","Undergraduate enrollment(-1)","Undergraduate enrollment total(-1)","Field Change rate","Proportional Change"
"Arts and humanities","Austria",2013,7317,73180,9.99863350642252,,,,
"Arts and humanities","Austria",2014,6604,69404,9.515301711716903,7317,73180,-9.74443077764111,-0.9272119885819534
"Arts and humanities","Austria",2015,6593,68524,9.621446500496177,6604,69404,-0.1665657177468201,-0.016026031421177762
"Arts and humanities","Austria",2016,6213,66328,9.367084790736945,6593,68524,-5.763688760806916,-0.5398896132989592
"Arts and humanities","Austria",2017,5567,66646,8.353089457731897,6213,66328,-10.397553516819572,-0.8685169466754877
"Arts and humanities","Austria",2018,5569,67177,8.290039745746313,5567,66646,0.03592599245554159,0.002978279053618219
"Arts and humanities","Austria",2019,5234,68728,7.615527878011873,5569,67177,-6.015442628838211,-0.4581077103849842
"Arts and humanities","Austria",2020,5275,67623,7.800600387442143,5234,68728,0.7833397019487964,0.061105199825205944
"Arts and humanities","Austria",2021,6183,68067,9.083696945656486,5275,67623,17.213270142180097,1.5636012941528132
"Arts and humanities","Austria",2022,5153,67217,7.666215391939539,6183,68067,-16.65857997735727,-1.2770826223027212
"Arts and humanities","Belgium",2013,10236,43949,23.290632323829893,5153,67217,98.64156801862993,22.97424492567967
"Arts and humanities","Belgium",2014,9834,38983,25.226380730061823,10236,43949,-3.9273153575615476,-0.9907195245686647
"Arts and humanities","Belgium",2015,8840,38031,23.24419552470353,9834,38983,-10.107789302420175,-2.3494743086796124
"Arts and humanities","Belgium",2016,10191,19511,52.23207421454564,8840,38031,15.282805429864254,7.982526274191309
"Arts and humanities","Belgium",2017,9999,19124,52.28508680192429,10191,19511,-1.8840153076243746,-0.9850590389529451
"Arts and humanities","Belgium",2018,9285,35811,25.92778755131105,9999,19124,-7.140714071407141,-1.851429174081017
"Arts and humanities","Belgium",2019,8955,48527,18.453644362931975,9285,35811,-3.5541195476575123,-0.655864581558164
"Arts and humanities","Belgium",2020,8793,48118,18.2738268423459,8955,48527,-1.809045226130653,-0.3305817921228404
"Arts and humanities","Belgium",2021,8530,49105,17.370939822828632,8793,48118,-2.991015580575458,-0.5195675165931912
"Arts and humanities","Belgium",2022,8966,49500,18.113131313131312,8530,49105,5.1113716295427905,0.9258294551612255
"Arts and humanities","Bulgaria",2013,4871,32184,15.134849614715387,8966,49500,-45.67254070934642,-6.912470351579246
"Arts and humanities","Bulgaria",2014,4686,34150,13.72181551976574,4871,32184,-3.7979880927940877,-0.521152919555874
"Arts and humanities","Bulgaria",2015,4468,35091,12.732609501011655,4686,34150,-4.6521553563807085,-0.5923407749083527
"Arts and humanities","Bulgaria",2016,4236,32909,12.871858762040779,4468,35091,-5.192479856759177,-0.6683686734094587
"Arts and humanities","Bulgaria",2017,3964,30753,12.889799369167235,4236,32909,-6.421152030217186,-0.8276736138842039
"Arts and humanities","Bulgaria",2018,4245,43444,9.77119970536783,3964,30753,7.088799192734611,0.6926607258346014
"Arts and humanities","Bulgaria",2019,4562,28538,15.98570327282921,4245,43444,7.467608951707892,1.1937498085952556
"Arts and humanities","Bulgaria",2020,4750,30004,15.831222503666178,4562,28538,4.1209995615957915,0.6524046099713375
"Arts and humanities","Bulgaria",2021,4648,32437,14.329315288096927,4750,30004,-2.1473684210526316,-0.30770319144966035
"Arts and humanities","Bulgaria",2022,4729,35266,13.409516247944195,4648,32437,1.742685025817556,0.23368563168749565
"Arts and humanities","Cyprus",2013,552,1521,36.29191321499014,4729,35266,-88.32734193275535,-32.055682279343166
"Arts and humanities","Cyprus",2014,559,1647,33.940497874924105,552,1521,1.2681159420289856,0.4304048643559216
"Arts and humanities","Cyprus",2015,492,1522,32.32588699080158,559,1647,-11.985688729874775,-3.874480193888561
"Arts and humanities","Cyprus",2016,564,1727,32.65778807180081,492,1522,14.634146341463413,4.779188498312313
"Arts and humanities","Cyprus",2017,531,1661,31.96869355809753,564,1727,-5.851063829787234,-1.8705086656333665
"Arts and humanities","Cyprus",2018,545,1572,34.66921119592875,531,1661,2.6365348399246704,0.9140658319077261
"Arts and humanities","Cyprus",2019,500,1629,30.693677102516883,545,1572,-8.256880733944955,-2.5343403112169907
"Arts and humanities","Cyprus",2020,574,1715,33.46938775510204,500,1629,14.799999999999999,4.953469387755102
"Arts and humanities","Cyprus",2021,576,1679,34.306134603930914,574,1715,0.34843205574912894,0.11953357004853976
"Arts and humanities","Cyprus",2022,573,1720,33.31395348837209,576,1679,-0.5208333333333333,-0.17351017441860464
"Arts and humanities","Czechia",2013,7303,64090,11.394913403026994,573,1720,1174.5200698080278,133.83554485579694
"Arts and humanities","Czechia",2014,6739,63241,10.656061732104172,7303,64090,-7.722853621799261,-0.8229520494189722
"Arts and humanities","Czechia",2015,6029,63132,9.549832097826776,6739,63241,-10.535687787505564,-1.006140494058022
"Arts and humanities","Czechia",2016,5945,62722,9.478332961321387,6029,63132,-1.3932658815724002,-0.1320583792919218
"Arts and humanities","Czechia",2017,5348,62839,8.51063829787234,5945,62722,-10.042052144659378,-0.8546427357156917
"Arts and humanities","Czechia",2018,5449,63883,8.529655776967267,5348,62839,1.888556469708302,0.16108736601976328
"Arts and humanities","Czechia",2019,5640,66220,8.517064331017819,5449,63883,3.5052303174894472,0.2985427210909164
"Arts and humanities","Czechia",2020,5920,67725,8.74123292727944,5640,66220,4.964539007092199,0.4339619183755751
"Arts and humanities","Czechia",2021,6575,71044,9.254827993919262,5920,67725,11.06418918918919,1.0239716783812696
"Arts and humanities","Czechia",2022,6231,72911,8.546035577622032,6575,71044,-5.231939163498099,-0.44712338231208815
"Arts and humanities","Germany",2013,40227,479489,8.38955638189823,6231,72911,545.5946076071257,45.772967221796215
"Arts and humanities","Germany",2014,40773,481068,8.475516974731223,40227,479489,1.3572973376090685,0.11503796624663155
"Arts and humanities","Germany",2015,39404,475070,8.294356621129518,40773,481068,-3.357614107374979,-0.2784924880270353
"Arts and humanities","Germany",2016,39160,463256,8.453209456542387,39404,475070,-0.619226474469597,-0.052344510897278
"Arts and humanities","Germany",2017,38422,450535,8.528083278768575,39160,463256,-1.884576098059244,-0.16071821909425965
"Arts and humanities","Germany",2018,36314,448728,8.092653010286856,38422,450535,-5.486440060382073,-0.44399855670409377
"Arts and humanities","Germany",2019,36087,468056,7.709974874801306,36314,448728,-0.6251032659580327,-0.04819530474692671
"Arts and humanities","Germany",2020,34648,473158,7.322712497728031,36087,468056,-3.987585557125835,-0.2919994259492515
"Arts and humanities","Germany",2021,33994,422542,8.045117408446972,34648,473158,-1.8875548372200415,-0.15185600280317244
"Arts and humanities","Germany",2022,30310,427472,7.090522888048808,33994,422542,-10.837206565864564,-0.7684146119777551
"Arts and humanities","Denmark",2013,6840,36396,18.793273986152325,30310,427472,-77.43319036621577,-14.552231621741837
"Arts and humanities","Denmark",2014,6973,35960,19.39098998887653,6840,36396,1.9444444444444444,0.3770470275614881
"Arts and humanities","Denmark",2015,6221,35877,17.33979987178415,6973,35960,-10.78445432382045,-1.8700027970144386
"Arts and humanities","Denmark",2016,5993,29047,20.632079044307503,6221,35877,-3.6650056261051276,-0.756166857756327
"Arts and humanities","Denmark",2017,5754,28530,20.16824395373291,5993,29047,-3.9879859836475884,-0.8043067420227207
"Arts and humanities","Denmark",2018,5208,28869,18.040112231112957,5754,28530,-9.48905109489051,-1.711835467185901
"Arts and humanities","Denmark",2019,4938,29926,16.50070173093631,5208,28869,-5.184331797235023,-0.8554511266038409
"Arts and humanities","Denmark",2020,4873,29476,16.532093906907313,4938,29926,-1.3163223977318752,-0.2176156549106876
"Arts and humanities","Denmark",2021,4807,31577,15.223105424834532,4873,29476,-1.3544018058690745,-0.20618201478331197
"Arts and humanities","Denmark",2022,4371,28676,15.242711675268517,4807,31577,-9.07010609527772,-1.3825301207441385
"Arts and humanities","Estonia",2013,1461,6172,23.671419313026572,4371,28676,-66.5751544269046,-15.75928396268756
"Arts and humanities","Estonia",2014,1373,5045,27.215064420218038,1461,6172,-6.023271731690623,-1.6392372819843857
"Arts and humanities","Estonia",2015,1212,5889,20.580743759551705,1373,5045,-11.726147123088127,-2.413328292270812
"Arts and humanities","Estonia",2016,880,6019,14.620368832031899,1212,5889,-27.39273927392739,-4.004919515045041
"Arts and humanities","Estonia",2017,927,6677,13.883480605062154,880,6019,5.340909090909091,0.741504077770365
"Arts and humanities","Estonia",2018,916,6781,13.508332104409378,927,6677,-1.186623516720604,-0.16029304546764095
"Arts and humanities","Estonia",2019,918,6858,13.385826771653543,916,6781,0.21834061135371177,0.029226696007977167
"Arts and humanities","Estonia",2020,944,7085,13.32392378263938,918,6858,2.832244008714597,0.3773660330595031
"Arts and humanities","Estonia",2021,939,7675,12.234527687296417,944,7085,-0.5296610169491525,-0.06480152376745983
"Arts and humanities","Estonia",2022,919,7161,12.8334031559838,939,7675,-2.1299254526091587,-0.27334192025524606
"Arts and humanities","Greece",2013,11115,43049,25.819415085135542,919,7161,1109.4668117519043,286.45784135804354
"Arts and humanities","Greece",2014,8885,29474,30.14521272986361,11115,43049,-20.0629779577148,-6.048027385298772
"Arts and humanities","Greece",2015,10075,38686,26.043012976270486,8885,29474,13.393359594822735,3.488034377238253
"Arts and humanities","Greece",2016,9354,46156,20.26605425080163,10075,38686,-7.156327543424318,-1.4503052223154318
"Arts and humanities","Greece",2017,9910,41721,23.75302605402555,9354,46156,5.943981184519991,1.41187539940541
"Arts and humanities","Greece",2018,10974,42353,25.910797346114798,9910,41721,10.736629667003026,2.781946354819994
"Arts and humanities","Greece",2019,11417,42975,26.566608493310063,10974,42353,4.036814288317842,1.072444647579402
"Arts and humanities","Greece",2020,11140,44540,25.01122586439156,11417,42975,-2.426206534115792,-0.6068239961843269
"Arts and humanities","Greece",2021,10646,48971,21.73939678585285,11140,44540,-4.434470377019749,-0.9640271106114281
"Arts and humanities","Greece",2022,7488,44706,16.749429606764192,10646,48971,-29.663723464211913,-4.968504480383367
"Arts and humanities","Spain",2013,30712,206977,14.83836368292129,7488,44706,310.14957264957263,46.02112155076977
"Arts and humanities","Spain",2014,30472,201697,15.10781023019678,30712,206977,-0.7814535035165407,-0.1180605123485031
"Arts and humanities","Spain",2015,30554,207982,14.690694387014261,30472,201697,0.26909950118141246,0.03953258531554114
"Arts and humanities","Spain",2016,30164,206807,14.585579791786545,30554,207982,-1.2764286181841984,-0.1861745145904547
"Arts and humanities","Spain",2017,30564,216731,14.102274247800269,30164,206807,1.3260840737302744,0.1870080128338452
"Arts and humanities","Spain",2018,30347,222025,13.668280599031641,30564,216731,-0.7099856039785368,-0.09704282456451596
"Arts and humanities","Spain",2019,31646,245172,12.907672980601374,30347,222025,4.2804890104458435,0.5525115234389292
"Arts and humanities","Spain",2020,31874,246691,12.920617290456482,31646,245172,0.7204702016052581,0.09308919744119565
"Arts and humanities","Spain",2021,33350,251466,13.262230281628531,31874,246691,4.630733513208257,0.6141385422502262
"Arts and humanities","Spain",2022,32657,259029,12.607468661810067,33350,251466,-2.077961019490255,-0.2619782843368629
"Arts and humanities","European Union - 28 countries (2013-2020)",2016,467003,3582929,13.034112593355882,32657,259029,1330.0241908319808,173.35685055191087
"Arts and humanities","European Union - 28 countries (2013-2020)",2017,463553,3521037,13.165240808318686,467003,3582929,-0.7387532842401441,-0.09725864884957797
"Arts and humanities","European Union - 28 countries (2013-2020)",2018,469278,3447933,13.610415283591648,463553,3521037,1.235025984083805,0.16809216529407034
"Arts and humanities","European Union - 28 countries (2013-2020)",2019,475398,3486591,13.635037777588481,469278,3447933,1.3041310268113997,0.17781875817498694
"Arts and humanities","Finland",2013,3858,50831,7.589856583580886,475398,3486591,-99.18846945086011,-7.528262578769222
"Arts and humanities","Finland",2014,3343,48447,6.90032406547361,3858,50831,-13.34888543286677,-0.9211163539966069
"Arts and humanities","Finland",2015,3321,49883,6.657578734238117,3343,48447,-0.6580915345498056,-0.04381296205600915
"Arts and humanities","Finland",2016,3404,49271,6.908729272797386,3321,49883,2.499247214694369,0.17266622392116318
"Arts and humanities","Finland",2017,3532,52534,6.723264933186127,3404,49271,3.7602820211515864,0.25281372251698714
"Arts and humanities","Finland",2018,3151,54417,5.790469889924105,3532,52534,-10.78708946772367,-0.6246231676277134
"Arts and humanities","Finland",2019,3297,51906,6.351866836203907,3151,54417,4.63344969850841,0.29431055477174556
"Arts and humanities","Finland",2020,3405,51917,6.558545370495214,3297,51906,3.2757051865332123,0.2148386108624456
"Arts and humanities","Finland",2021,3540,52516,6.74080280295529,3405,51917,3.9647577092511015,0.26725649879558416
"Arts and humanities","Finland",2022,3537,55856,6.33235462618161,3540,52516,-0.0847457627118644,-0.005366402225577636
"Arts and humanities","France",2016,98280,314651,31.234605960254378,3537,55856,2678.625954198473,836.6582619429969
"Arts and humanities","France",2017,94565,314538,30.064729857759634,98280,314651,-3.78001628001628,-1.1364516831662297
"Arts and humanities","France",2018,99569,307849,32.34345409600161,94565,314538,5.291598371490509,1.7114856902278017
"Arts and humanities","France",2019,102831,308317,33.35236136833194,99569,307849,3.2761200775341726,1.092663407119674
"Arts and humanities","France",2020,105911,312547,33.886423481908324,102831,308317,2.995205725899777,1.0149680964327648
"Arts and humanities","France",2021,115476,300502,38.42769765259466,105911,312547,9.031167678522534,3.4704698100014912
"Arts and humanities","France",2022,113994,316809,35.98193233146785,115476,300502,-1.2833835602203054,-0.46178620419165334
"Arts and humanities","Croatia",2015,2634,31654,8.321223226132558,113994,316809,-97.68935207116164,-8.12894905400391
"Arts and humanities","Croatia",2016,2791,30754,9.07524224491123,2634,31654,5.960516324981017,0.5409312955395077
"Arts and humanities","Croatia",2017,2947,29787,9.893577735253634,2791,30754,5.589394482264421,0.5529910880328078
"Arts and humanities","Croatia",2018,2664,28589,9.318269264402392,2947,29787,-9.602986087546658,-0.8948321010606981
"Arts and humanities","Croatia",2019,2700,26935,10.024132170038984,2664,28589,1.3513513513513513,0.13546124554106734
"Arts and humanities","Croatia",2020,2515,29106,8.640830069401497,2700,26935,-6.851851851851852,-0.5920568751256582
"Arts and humanities","Croatia",2021,2454,28718,8.545163312208372,2515,29106,-2.4254473161033796,-0.20725843421260862
"Arts and humanities","Croatia",2022,2566,28606,8.97014612319094,2454,28718,4.5639771801141,0.4093954220853241
"Arts and humanities","Hungary",2013,6159,29921,20.584205073359847,2566,28606,140.02338269680436,28.82270024496568
"Arts and humanities","Hungary",2014,4716,29628,15.917375455650062,6159,29921,-23.429128105211884,-3.7293022864918064
"Arts and humanities","Hungary",2015,4534,27944,16.22530775837389,4716,29628,-3.859202714164546,-0.6261675173927159
"Arts and humanities","Hungary",2016,4156,29954,13.874607731855512,4534,27944,-8.337009263343626,-1.156727331857385
"Arts and humanities","Hungary",2017,3964,29865,13.273062112841119,4156,29954,-4.619826756496631,-0.6131924748954511
"Arts and humanities","Hungary",2018,3865,61442,6.29048533576381,3964,29865,-2.4974772956609486,-0.15710344304758253
"Arts and humanities","Hungary",2019,3833,61445,6.2380991130279115,3865,61442,-0.8279430789133247,-0.05164790986206809
"Arts and humanities","Hungary",2020,3961,60918,6.502183262746643,3833,61445,3.3394208192016697,0.2171352615788078
"Arts and humanities","Hungary",2021,4270,71149,6.001489831199314,3961,60918,7.80106033829841,0.4681798429287019
"Arts and humanities","Hungary",2022,4090,74399,5.497385717549967,4270,71149,-4.215456674473068,-0.23173991315198925
"Arts and humanities","Ireland",2018,9363,77190,12.129809560823942,9014,,3.871755047703572,0.4696365139480314
"Arts and humanities","Ireland",2019,8490,56034,15.151515151515152,9363,77190,-9.323934636334508,-1.4127173691415922
"Arts and humanities","Ireland",2020,9000,54004,16.665432190208133,8490,56034,6.007067137809187,1.0011037004718666
"Arts and humanities","Ireland",2021,8638,45096,19.154692212169593,9000,54004,-4.022222222222222,-0.7704442867561547
"Arts and humanities","Ireland",2022,8406,41277,20.36485209680936,8638,45096,-2.6858068997453115,-0.5469606027390336
"Arts and humanities","Italy",2016,54632,336484,16.23613604212979,8406,41277,549.9167261479895,89.2852277758139
"Arts and humanities","Italy",2017,58778,323218,18.185249583872185,54632,336484,7.5889588519548985,1.3800711080453596
"Arts and humanities","Italy",2018,63172,334383,18.892108749547674,58778,323218,7.47558610364422,1.4122958563665398
"Arts and humanities","Italy",2019,63641,382753,16.62717209270731,63172,334383,0.7424175267523586,0.12344303981953597
"Arts and humanities","Italy",2020,65686,384430,17.08659573914627,63641,382753,3.213337313995695,0.5490499565775855
"Arts and humanities","Italy",2021,69101,378764,18.243814090040235,65686,384430,5.198976950948452,0.9484916895150779
"Arts and humanities","Italy",2022,65764,383931,17.129119555336768,69101,378764,-4.829163109072228,-0.8271931224751999
"Arts and humanities","Lithuania",2013,3044,8081,37.668605370622444,65764,383931,-95.37132777811568,-35.925049097461226
"Arts and humanities","Lithuania",2014,2716,7976,34.052156469408224,3044,8081,-10.775295663600525,-3.66922053941061
"Arts and humanities","Lithuania",2015,2761,7555,36.54533421575116,2716,7976,1.6568483063328425,0.6055007509973499
"Arts and humanities","Lithuania",2016,2502,7217,34.668144658445335,2761,7555,-9.380659181455995,-3.2521004949428987
"Arts and humanities","Lithuania",2017,2462,7331,33.58341290410585,2502,7217,-1.5987210231814548,-0.5369050823997739
"Arts and humanities","Lithuania",2018,2331,6175,37.74898785425101,2462,7331,-5.320877335499594,-2.0085773391173367
"Arts and humanities","Lithuania",2019,2547,5640,45.159574468085104,2331,6175,9.266409266409266,4.184670993181631
"Arts and humanities","Lithuania",2020,2360,5349,44.120396335763694,2547,5640,-7.341970946211229,-3.239306680325014
"Arts and humanities","Lithuania",2021,2471,6441,38.363608135382705,2360,5349,4.703389830508475,1.804390043655712
"Arts and humanities","Lithuania",2022,2207,6284,35.120942075111394,2471,6441,-10.683933630109268,-3.752298141574022
"Arts and humanities","Luxembourg",2013,247,3857,6.403940886699507,2207,6284,-88.808337109198,-5.687233410933863
"Arts and humanities","Luxembourg",2014,229,3776,6.064618644067797,247,3857,-7.28744939271255,-0.4419560145474507
"Arts and humanities","Luxembourg",2015,173,3956,4.3731041456016175,229,3776,-24.45414847161572,-1.0694053805838017
"Arts and humanities","Luxembourg",2016,234,3977,5.88383203419663,173,3956,35.26011560693642,2.074645977375691
"Arts and humanities","Luxembourg",2017,220,3993,5.509641873278237,234,3977,-5.982905982905983,-0.32963669327305695
"Arts and humanities","Luxembourg",2018,220,3992,5.511022044088176,220,3993,0,0
"Arts and humanities","Luxembourg",2019,135,3930,3.435114503816794,220,3992,-38.63636363636363,-1.3272033310201248
"Arts and humanities","Luxembourg",2020,147,3859,3.809277014770666,135,3930,8.88888888888889,0.33860240131294805
"Arts and humanities","Luxembourg",2021,133,3757,3.5400585573595955,147,3859,-9.523809523809524,-0.33714843403424716
"Arts and humanities","Luxembourg",2022,124,3803,3.260583749671312,133,3757,-6.7669172932330826,-0.2206410056168557
"Arts and humanities","Latvia",2013,2031,8400,24.178571428571427,124,3803,1537.9032258064517,371.8430299539171
"Arts and humanities","Latvia",2014,1791,8370,21.397849462365592,2031,8400,-11.816838995568684,-2.528549419481901
"Arts and humanities","Latvia",2015,1509,8389,17.987841220646086,1791,8370,-15.745393634840871,-2.832256406600891
"Arts and humanities","Latvia",2016,1420,7873,18.036326686142512,1509,8389,-5.89794565937707,-1.0637727468964104
"Arts and humanities","Latvia",2017,1235,8923,13.8406365572117,1420,7873,-13.028169014084506,-1.8031815232987072
"Arts and humanities","Latvia",2018,1269,8605,14.7472399767577,1235,8923,2.753036437246964,0.40599689004839007
"Arts and humanities","Latvia",2019,1390,8909,15.602200022449209,1269,8605,9.535066981875492,1.487680222786725
"Arts and humanities","Latvia",2020,1387,8488,16.34071630537229,1390,8909,-0.2158273381294964,-0.0352677330331776
"Arts and humanities","Latvia",2021,1368,8570,15.962660443407234,1387,8488,-1.36986301369863,-0.21866658141653744
"Arts and humanities","Latvia",2022,1585,8635,18.355529820497974,1368,8570,15.862573099415206,2.9116593355614477
"Arts and humanities","Malta",2013,280,3094,9.049773755656108,1585,8635,-82.33438485804416,-7.451075552764177
"Arts and humanities","Malta",2014,287,3415,8.404099560761347,280,3094,2.5,0.21010248901903367
"Arts and humanities","Malta",2015,339,3539,9.578977112178581,287,3415,18.118466898954704,1.7355637973285234
"Arts and humanities","Malta",2016,473,3807,12.42448121880746,339,3539,39.52802359882006,4.911151868201179
"Arts and humanities","Malta",2017,492,3325,14.796992481203008,473,3807,4.0169133192389,0.5943823618242222
"Arts and humanities","Malta",2018,334,2291,14.578786556089044,492,3325,-32.113821138211385,-4.681805438744043
"Arts and humanities","Malta",2019,292,2289,12.756662297946702,334,2291,-12.574850299401197,-1.6041311871669506
"Arts and humanities","Malta",2020,317,2367,13.392479932403887,292,2289,8.561643835616438,1.146616432568826
"Arts and humanities","Malta",2021,196,2062,9.50533462657614,317,2367,-38.170347003154575,-3.6282192107751197
"Arts and humanities","Malta",2022,273,2148,12.70949720670391,196,2062,39.285714285714285,4.993016759776536
"Arts and humanities","Netherlands",2013,9807,116291,8.433154758321797,273,2148,3492.307692307692,294.5117123290843
"Arts and humanities","Netherlands",2014,10293,114188,9.014082040144324,9807,116291,4.955643927806669,0.4467058092699237
"Arts and humanities","Netherlands",2015,9721,113317,8.578589267276755,10293,114188,-5.5571747789760035,-0.4767271991530462
"Arts and humanities","Netherlands",2016,8649,114158,7.576341561695195,9721,113317,-11.027672050200596,-0.8354941008267924
"Arts and humanities","Netherlands",2017,9228,117579,7.848340264843212,8649,114158,6.694415539368713,0.5254005102721956
"Arts and humanities","Netherlands",2018,10084,117892,8.553591422658027,9228,117579,9.276116168183789,0.7934410769175629
"Arts and humanities","Netherlands",2019,9849,122136,8.063961485557083,10084,117892,-2.3304244347481156,-0.1879245288680994
"Arts and humanities","Netherlands",2020,9714,122535,7.927530909536051,9849,122136,-1.370697532744441,-0.1086624705845636
"Arts and humanities","Netherlands",2021,10347,119407,8.665321128577052,9714,122535,6.516368128474367,0.5646642242525503
"Arts and humanities","Netherlands",2022,9747,111050,8.777127420081044,10347,119407,-5.798782255726297,-0.508966507398147
"Arts and humanities","Poland",2013,36871,208967,17.644412754166925,9747,111050,278.280496563045,49.10095942792897
"Arts and humanities","Poland",2014,33013,194272,16.993184813045627,36871,208967,-10.46350790594234,-1.7780832363844223
"Arts and humanities","Poland",2015,33619,182572,18.41410512017177,33013,194272,1.8356405052555054,0.3380167722662009
"Arts and humanities","Poland",2016,36233,179104,20.230145613721636,33619,182572,7.775365120913769,1.5729676859593789
"Arts and humanities","Poland",2017,35981,177793,20.23757965724185,36233,179104,-0.6954985786437778,-0.14075207886801938
"Arts and humanities","Poland",2018,35827,167761,21.355976657268375,35981,177793,-0.42800366860287375,-0.091404363559082
"Arts and humanities","Poland",2019,35356,168392,20.996246852582072,35827,167761,-1.3146509615653,-0.2760273611400942
"Arts and humanities","Poland",2020,33911,396197,8.559125889393409,35356,168392,-4.08700079194479,-0.34981154288306016
"Arts and humanities","Poland",2021,22514,209232,10.760304351150875,33911,396197,-33.608563592934445,-3.6163837306498343
"Arts and humanities","Poland",2022,23162,212284,10.910855269356146,22514,209232,2.878209114328862,0.3140372308138395
"Arts and humanities","Portugal",2014,9245,52622,17.568697502945536,23162,212284,-60.08548484586823,-10.55623707574877
"Arts and humanities","Portugal",2015,7462,37246,20.034366106427537,9245,52622,-19.28610059491617,-3.863848000839405
"Arts and humanities","Portugal",2016,7701,41629,18.499123207379473,7462,37246,3.2028946663093008,0.592507430523143
"Arts and humanities","Portugal",2017,7767,40015,19.410221167062353,7701,41629,0.8570315543435918,0.16635172016960334
"Arts and humanities","Portugal",2018,8215,38616,21.273565361508183,7767,40015,5.767992790009012,1.2270577162296468
"Arts and humanities","Portugal",2019,8402,37490,22.411309682582022,8215,38616,2.276323797930615,0.5101539757325427
"Arts and humanities","Portugal",2020,8637,37287,23.16356907233084,8402,37490,2.796953106403237,0.6478741647224169
"Arts and humanities","Portugal",2021,9499,36717,25.87085001497944,8637,37287,9.98031723978233,2.581992904123222
"Arts and humanities","Portugal",2022,9705,36303,26.733327824146766,9499,36717,2.16864933150858,0.579752135148356
"Arts and humanities","Romania",2013,10791,114890,9.39246235529637,9705,36303,11.190108191653787,1.0510266994180173
"Arts and humanities","Romania",2014,13060,116501,11.210204204255758,10791,114890,21.026781577240293,2.3571451523914666
"Arts and humanities","Romania",2015,10852,116708,9.298419988346986,13060,116501,-16.90658499234303,-1.5720452782748962
"Arts and humanities","Romania",2016,13550,111707,12.129947093736293,10852,116708,24.861776631035752,3.0157203519075297
"Arts and humanities","Romania",2017,12601,105847,11.904919364743451,13550,111707,-7.003690036900369,-0.8337836514495597
"Arts and humanities","Romania",2018,13068,101431,12.883635180566099,12601,105847,3.7060550749940484,0.47747461545308856
"Arts and humanities","Romania",2019,12368,102894,12.020137228604195,13068,101431,-5.356596265687175,-0.6438702219178861
"Arts and humanities","Romania",2020,12506,107378,11.646706029167985,12368,102894,1.1157826649417852,0.12995192691018612
"Arts and humanities","Romania",2021,13310,109915,12.109357230587271,12506,107378,6.428914121221814,0.7785001769864199
"Arts and humanities","Romania",2022,11111,83226,13.350395309158197,13310,109915,-16.521412471825695,-2.2056738756452945
"Arts and humanities","Sweden",2013,12524,55957,22.381471487034688,11111,83226,12.717127171271713,2.8462801918081193
"Arts and humanities","Sweden",2014,11875,49489,23.995231263513105,12524,55957,-5.182050463110827,-1.2434449928153948
"Arts and humanities","Sweden",2015,11432,44456,25.715314018355226,11875,49489,-3.730526315789474,-0.9593165566426415
"Arts and humanities","Sweden",2016,10708,36728,29.15486822043128,11432,44456,-6.333100069979006,-1.8464069796704203
"Arts and humanities","Sweden",2017,9893,37877,26.118752805132402,10708,36728,-7.611131864026896,-1.9879327172378507
"Arts and humanities","Sweden",2018,9782,39824,24.563077541181197,9893,37877,-1.1220054584049328,-0.2755990707642892
"Arts and humanities","Sweden",2019,10233,45785,22.35011466637545,9782,39824,4.610509098343897,1.0304540701835339
"Arts and humanities","Sweden",2020,11109,48663,22.82843227914432,10233,45785,8.560539431251831,1.9542369467927705
"Arts and humanities","Sweden",2021,12656,44670,28.33221401387956,11109,48663,13.925645872715817,3.9454437914728313
"Arts and humanities","Sweden",2022,11015,44407,24.80464791586912,12656,44670,-12.966182048040457,-3.216215805147063
"Arts and humanities","Slovenia",2013,1706,17801,9.583731251053312,11015,44407,-84.5120290512937,-8.099405739088088
"Arts and humanities","Slovenia",2014,1617,20118,8.037578288100208,1706,17801,-5.216881594372802,-0.41931094234520433
"Arts and humanities","Slovenia",2015,1484,20475,7.247863247863248,1617,20118,-8.225108225108226,-0.5961445961445963
"Arts and humanities","Slovenia",2016,1414,23616,5.987466124661246,1484,20475,-4.716981132075472,-0.28242764738968146
"Arts and humanities","Slovenia",2017,1511,21378,7.068013846009917,1414,23616,6.8599717114568595,0.4848637503981343
"Arts and humanities","Slovenia",2018,1333,20961,6.359429416535471,1511,21378,-11.780277961614823,-0.7491584620405782
"Arts and humanities","Slovenia",2019,1409,19280,7.308091286307054,1333,20961,5.701425356339085,0.4166653696619176
"Arts and humanities","Slovenia",2020,1358,19321,7.028621706950986,1409,19280,-3.61958836053939,-0.25440717321114287
"Arts and humanities","Slovenia",2021,1424,18440,7.72234273318872,1358,19321,4.860088365243005,0.37531268069989365
"Arts and humanities","Slovenia",2022,1378,19650,7.012722646310433,1424,18440,-3.2303370786516856,-0.2265345798667696
"Arts and humanities","Slovakia",2013,3137,39112,8.020556350992022,1378,19650,127.6487663280116,10.238141234684301
"Arts and humanities","Slovakia",2014,2635,37876,6.956912028725315,3137,39112,-16.002550207204337,-1.1132833402678062
"Arts and humanities","Slovakia",2015,2445,37354,6.545483750066928,2635,37876,-7.2106261859582546,-0.4719703652799682
"Arts and humanities","Slovakia",2016,2182,36443,5.9874324287243095,2445,37354,-10.756646216768916,-0.6440469238259686
"Arts and humanities","Slovakia",2017,2081,34643,6.006985538203966,2182,36443,-4.62878093492209,-0.2780502013559123
"Arts and humanities","Slovakia",2018,2007,33442,6.001435320854016,2081,34643,-3.5559827006247,-0.21341000179874925
"Arts and humanities","Slovakia",2019,2002,33164,6.036666264624292,2007,33442,-0.2491280518186348,-0.01503902905985125
"Arts and humanities","Slovakia",2020,2051,33704,6.0853311179681935,2002,33164,2.4475524475524475,0.14894167071950123
"Arts and humanities","Slovakia",2021,2199,34401,6.392256039068632,2051,33704,7.215992198927353,0.46126469711465506
"Arts and humanities","Slovakia",2022,1931,34417,5.610599413080745,2199,34401,-12.187357889949977,-0.6837838302435832
"Arts and humanities","United Kingdom",2014,96568,1128555,8.556782788610214,1931,34417,4900.932159502848,419.3621195058025
"Arts and humanities","United Kingdom",2015,97724,1279278,7.638996371390737,96568,1128555,1.1970839201391765,0.09144519722193369
"Arts and humanities","United Kingdom",2016,97540,1321074,7.383386547612019,97724,1279278,-0.18828537513814414,-0.013901837059070558
"Arts and humanities","United Kingdom",2017,96295,1287174,7.481117548987161,97540,1321074,-1.2763994258765634,-0.09548894144442295
"Arts and humanities","United Kingdom",2018,94172,1082428,8.700070582061809,96295,1287174,-2.204683524585908,-0.191809022750062
"Arts and humanities","United Kingdom",2019,96726,1042663,9.276822904428373,94172,1082428,2.7120587860510557,0.2515928906459464
"Information and communication technologies","Austria",2013,2355,73180,3.2180923749658374,96726,1042663,-97.56528751318156,-3.1397410780751924
"Information and communication technologies","Austria",2014,2468,69404,3.555991009163737,2355,73180,4.798301486199576,0.1706271694418269
"Information and communication technologies","Austria",2015,2443,68524,3.5651742455198177,2468,69404,-1.012965964343598,-0.036114001676659416
"Information and communication technologies","Austria",2016,2718,66328,4.097816909902304,2443,68524,11.25665165779779,0.4612769751220358
"Information and communication technologies","Austria",2017,2480,66646,3.721153557602857,2718,66328,-8.75643855776306,-0.3258405249115084
"Information and communication technologies","Austria",2018,2413,67177,3.5920032153862187,2480,66646,-2.7016129032258065,-0.09704202235115994
"Information and communication technologies","Austria",2019,2589,68728,3.767023629379583,2413,67177,7.293825113966017,0.27476011552872215
"Information and communication technologies","Austria",2020,2948,67623,4.35946349614776,2589,68728,13.866357667052917,0.6044988007404581
"Information and communication technologies","Austria",2021,3192,68067,4.6894971131385255,2948,67623,8.276797829036635,0.3881401952529851
"Information and communication technologies","Austria",2022,2919,67217,4.342651412589078,3192,68067,-8.552631578947368,-0.3714109760766974
"Information and communication technologies","Belgium",2013,2475,43949,5.631527452274227,2919,67217,-15.210688591983557,-0.8565941037374981
"Information and communication technologies","Belgium",2014,2421,38983,6.210399404868789,2475,43949,-2.181818181818182,-0.1354996233789554
"Information and communication technologies","Belgium",2015,3329,38031,8.753385396124214,2421,38983,37.50516315572078,3.2829714744654224
"Information and communication technologies","Belgium",2016,3689,19511,18.907283071088106,3329,38031,10.814058275758486,2.0446446096700863
"Information and communication technologies","Belgium",2017,4281,19124,22.38548420832462,3689,19511,16.047709406343184,3.592357454954778
"Information and communication technologies","Belgium",2018,3495,35811,9.759571081511268,4281,19124,-18.36019621583742,-1.7918764003895948
"Information and communication technologies","Belgium",2019,4244,48527,8.745646753353803,3495,35811,21.430615164520745,1.8742458993596562
"Information and communication technologies","Belgium",2020,4199,48118,8.726464109065216,4244,48527,-1.0603204524033931,-0.09252848372006
"Information and communication technologies","Belgium",2021,4349,49105,8.856531921392934,4199,48118,3.57227911407478,0.31638004005928555
"Information and communication technologies","Belgium",2022,5266,49500,10.638383838383838,4349,49105,21.08530696711888,2.243135888663596
"Information and communication technologies","Bulgaria",2013,2054,32184,6.382053194133731,5266,49500,-60.99506266616027,-3.892737345149553
"Information and communication technologies","Bulgaria",2014,2405,34150,7.0424597364568085,2054,32184,17.088607594936708,1.2034583093945177
"Information and communication technologies","Bulgaria",2015,2289,35091,6.523040095751047,2405,34150,-4.8232848232848236,-0.31462480295514406
"Information and communication technologies","Bulgaria",2016,2223,32909,6.75499103588684,2289,35091,-2.8833551769331587,-0.194770383734614
"Information and communication technologies","Bulgaria",2017,2787,30753,9.062530484830749,2223,32909,25.371120107962213,2.2992654941270994
"Information and communication technologies","Bulgaria",2018,2569,43444,5.9133597274652425,2787,30753,-7.822030857552924,-0.4625448226004388
"Information and communication technologies","Bulgaria",2019,2865,28538,10.039245917723736,2569,43444,11.52199299338264,1.1567212112285816
"Information and communication technologies","Bulgaria",2020,2948,30004,9.825356619117452,2865,28538,2.8970331588132634,0.2846438392274863
"Information and communication technologies","Bulgaria",2021,2784,32437,8.582791256897988,2948,30004,-5.563093622795115,-0.47746871307030864
"Information and communication technologies","Bulgaria",2022,3000,35266,8.50677706572903,2784,32437,7.758620689655173,0.6600085654444938
"Information and communication technologies","Cyprus",2013,265,1521,17.42274819197896,3000,35266,-91.16666666666666,-15.883738768354153
"Information and communication technologies","Cyprus",2014,250,1647,15.179113539769277,265,1521,-5.660377358490567,-0.8591951060246761
"Information and communication technologies","Cyprus",2015,236,1522,15.505913272010513,250,1647,-5.6000000000000005,-0.8683311432325889
"Information and communication technologies","Cyprus",2016,278,1727,16.097278517660683,236,1522,17.796610169491526,2.8647699056853755
"Information and communication technologies","Cyprus",2017,245,1661,14.750150511739916,278,1727,-11.870503597122301,-1.7509171470770402
"Information and communication technologies","Cyprus",2018,287,1572,18.25699745547074,245,1661,17.142857142857142,3.1297709923664123
"Information and communication technologies","Cyprus",2019,321,1629,19.70534069981584,287,1572,11.846689895470384,2.334430605553096
"Information and communication technologies","Cyprus",2020,301,1715,17.551020408163264,321,1629,-6.230529595015576,-1.0935215207578357
"Information and communication technologies","Cyprus",2021,268,1679,15.961882072662299,301,1715,-10.96345514950166,-1.749973782052677
"Information and communication technologies","Cyprus",2022,319,1720,18.546511627906977,268,1679,19.029850746268657,3.5293734814300595
"Information and communication technologies","Czechia",2013,5830,64090,9.09658293025433,319,1720,1727.5862068965516,157.15131200197996
"Information and communication technologies","Czechia",2014,5409,63241,8.552995683180216,5830,64090,-7.221269296740996,-0.6176348512210758
"Information and communication technologies","Czechia",2015,3884,63132,6.1521890641829815,5409,63241,-28.193751155481607,-1.7345328753705025
"Information and communication technologies","Czechia",2016,3748,62722,5.975574758457958,3884,63132,-3.5015447991761075,-0.20923742717566485
"Information and communication technologies","Czechia",2017,4430,62839,7.049762090421553,3748,62722,18.196371398078977,1.2828008926540821
"Information and communication technologies","Czechia",2018,4388,63883,6.868807037866099,4430,62839,-0.9480812641083521,-0.06512187259376437
"Information and communication technologies","Czechia",2019,4660,66220,7.0371488976140135,4388,63883,6.198723792160438,0.43621342300615584
"Information and communication technologies","Czechia",2020,4878,67725,7.20265780730897,4660,66220,4.6781115879828326,0.3369483695264711
"Information and communication technologies","Czechia",2021,5434,71044,7.648781037103767,4878,67725,11.398113981139812,0.8718167807768951
"Information and communication technologies","Czechia",2022,5654,72911,7.754659790703735,5434,71044,4.048582995951417,0.31395383768031315
"Information and communication technologies","Germany",2013,29777,479489,6.210152891932871,5654,72911,426.65369649805444,26.495846871612418
"Information and communication technologies","Germany",2014,30514,481068,6.342970224583635,29777,479489,2.4750646472109348,0.15699261361178557
"Information and communication technologies","Germany",2015,32258,475070,6.790157239985686,30514,481068,5.715409320311988,0.3880852797579811
"Information and communication technologies","Germany",2016,33260,463256,7.179615590515827,32258,475070,3.106206212412425,0.22301366549993362
"Information and communication technologies","Germany",2017,34112,450535,7.571442840178898,33260,463256,2.561635598316296,0.19395277510019307
"Information and communication technologies","Germany",2018,34661,448728,7.724278404735163,34112,450535,1.6094043151969981,0.12431486996363757
"Information and communication technologies","Germany",2019,35562,468056,7.597808809202317,34661,448728,2.5994633738207207,0.1975022572081385
"Information and communication technologies","Germany",2020,35052,473158,7.408096238465798,35562,468056,-1.4341150666441709,-0.10624062430733808
"Information and communication technologies","Germany",2021,34645,422542,8.199184933095408,35052,473158,-1.1611320324089922,-0.09520336265462259
"Information and communication technologies","Germany",2022,33290,427472,7.787644570872478,34645,422542,-3.9110982825804586,-0.30458243306486377
"Information and communication technologies","Denmark",2013,2384,36396,6.550170348389933,33290,427472,-92.8386902973866,-6.08109236369298
"Information and communication technologies","Denmark",2014,2439,35960,6.782536151279199,2384,36396,2.307046979865772,0.1564762954363909
"Information and communication technologies","Denmark",2015,1799,35877,5.014354600440393,2439,35960,-26.240262402624026,-1.3157798049536087
"Information and communication technologies","Denmark",2016,1956,29047,6.733914001445933,1799,35877,8.727070594774874,0.5876734286976161
"Information and communication technologies","Denmark",2017,2053,28530,7.195934104451455,1956,29047,4.959100204498978,0.3568535828894638
"Information and communication technologies","Denmark",2018,2042,28869,7.07333125497939,2053,28530,-0.535801266439357,-0.037898998443630434
"Information and communication technologies","Denmark",2019,2144,29926,7.164338702131926,2042,28869,4.995102840352596,0.3578660860026721
"Information and communication technologies","Denmark",2020,2159,29476,7.3246030669018865,2144,29926,0.6996268656716418,0.05124489085985461
"Information and communication technologies","Denmark",2021,2403,31577,7.609969281439022,2159,29476,11.301528485409913,0.860042846072775
"Information and communication technologies","Denmark",2022,2285,28676,7.968335890640256,2403,31577,-4.910528506034124,-0.39128740536643786
"Information and communication technologies","Estonia",2013,1262,6172,20.447180816591057,2285,28676,-44.770240700218814,-9.154252067996783
"Information and communication technologies","Estonia",2014,1088,5045,21.565906838453916,1262,6172,-13.787638668779714,-2.9734293105316807
"Information and communication technologies","Estonia",2015,830,5889,14.094073696722702,1088,5045,-23.713235294117645,-3.3421608582301996
"Information and communication technologies","Estonia",2016,592,6019,9.835520850639641,830,5889,-28.674698795180724,-2.820305978858114
"Information and communication technologies","Estonia",2017,593,6677,8.881234087164895,592,6019,0.16891891891891891,0.015002084606697457
"Information and communication technologies","Estonia",2018,593,6781,8.745022857985548,593,6677,0,0
"Information and communication technologies","Estonia",2019,738,6858,10.761154855643044,593,6781,24.45193929173693,2.6313110523916383
"Information and communication technologies","Estonia",2020,709,7085,10.007057163020466,738,6858,-3.9295392953929538,-0.39323124353332456
"Information and communication technologies","Estonia",2021,751,7675,9.785016286644952,709,7085,5.923836389280677,0.5796483554853145
"Information and communication technologies","Estonia",2022,656,7161,9.160731741376903,751,7675,-12.649800266311583,-1.1588142682167852
"Information and communication technologies","Greece",2013,5061,43049,11.756370647401798,656,7161,671.4939024390244,78.94331204543433
"Information and communication technologies","Greece",2014,3992,29474,13.544140598493588,5061,43049,-21.122307844299545,-2.8608350720785705
"Information and communication technologies","Greece",2015,2695,38686,6.966344413999897,3992,29474,-32.48997995991984,-2.2633639040475617
"Information and communication technologies","Greece",2016,2375,46156,5.145593205650403,2695,38686,-11.873840445269018,-0.610979527201532
"Information and communication technologies","Greece",2017,2695,41721,6.459576711967594,2375,46156,13.473684210526315,0.8703429675072127
"Information and communication technologies","Greece",2018,2903,42353,6.85429603569995,2695,41721,7.717996289424861,0.5290143137015175
"Information and communication technologies","Greece",2019,3042,42975,7.0785340314136125,2903,42353,4.788150189459181,0.33893084063606344
"Information and communication technologies","Greece",2020,3537,44540,7.9411764705882355,3042,42975,16.272189349112427,1.2922032718412808
"Information and communication technologies","Greece",2021,3511,48971,7.16954932511078,3537,44540,-0.7350862312694374,-0.052702369932960215
"Information and communication technologies","Greece",2022,3500,44706,7.828926765982195,3511,48971,-0.3133010538308174,-0.024528110061465148
"Information and communication technologies","Spain",2013,7590,206977,3.667074119346594,3500,44706,116.85714285714286,4.285238042322162
"Information and communication technologies","Spain",2014,8043,201697,3.987664665314804,7590,206977,5.968379446640316,0.23799895828558712
"Information and communication technologies","Spain",2015,7772,207982,3.736861843813407,8043,201697,-3.3693895312694266,-0.1259094317634506
"Information and communication technologies","Spain",2016,8438,206807,4.080132684096767,7772,207982,8.569222851260937,0.3496356623273863
"Information and communication technologies","Spain",2017,8852,216731,4.084325730975264,8438,206807,4.906375918464091,0.2003923740962028
"Information and communication technologies","Spain",2018,9307,222025,4.191870284877829,8852,216731,5.140081337550836,0.21546554220734435
"Information and communication technologies","Spain",2019,10046,245172,4.097531528885844,9307,222025,7.940260019340281,0.32535465776798517
"Information and communication technologies","Spain",2020,10049,246691,4.073517071964522,10046,245172,0.029862631893290865,0.0012164594083111258
"Information and communication technologies","Spain",2021,10810,251466,4.298791884389938,10049,246691,7.572892825156733,0.3255429021813855
"Information and communication technologies","Spain",2022,11049,259029,4.2655455566751215,10810,251466,2.2109158186864013,0.09430762146580517
"Information and communication technologies","European Union - 28 countries (2013-2020)",2016,160699,3582929,4.485129345292636,11049,259029,1354.4212145895558,60.74754335442512
"Information and communication technologies","European Union - 28 countries (2013-2020)",2017,163279,3521037,4.637241812568286,160699,3582929,1.6054860328937954,0.07445026961229491
"Information and communication technologies","European Union - 28 countries (2013-2020)",2018,172465,3447933,5.001982347104772,163279,3521037,5.625953123181794,0.28140918207794297
"Information and communication technologies","European Union - 28 countries (2013-2020)",2019,177022,3486591,5.077222995183548,172465,3447933,2.642275244252457,0.134154206297228
"Information and communication technologies","Finland",2013,3191,50831,6.27766520430446,177022,3486591,-98.1973991933206,-6.164503960691036
"Information and communication technologies","Finland",2014,3056,48447,6.307924123268727,3191,50831,-4.230648699467252,-0.2668661098844494
"Information and communication technologies","Finland",2015,3185,49883,6.384940761381633,3056,48447,4.221204188481675,0.2695213868515152
"Information and communication technologies","Finland",2016,3233,49271,6.561669136002923,3185,49883,1.5070643642072212,0.0988885772458839
"Information and communication technologies","Finland",2017,3152,52534,5.999923858834279,3233,49271,-2.505412929167955,-0.1503228680994669
"Information and communication technologies","Finland",2018,3115,54417,5.724314093022401,3152,52534,-1.1738578680203047,-0.0671953113711386
"Information and communication technologies","Finland",2019,3329,51906,6.413516741802489,3115,54417,6.869983948635634,0.4406075707048901
"Information and communication technologies","Finland",2020,3531,51917,6.801240441473891,3329,51906,6.067888254731151,0.4126916699242193
"Information and communication technologies","Finland",2021,4495,52516,8.559296214487013,3531,51917,27.301047861795524,2.336777556149952
"Information and communication technologies","Finland",2022,4658,55856,8.339301059868232,4495,52516,3.626251390433816,0.30240402063593375
"Information and communication technologies","France",2016,15197,314651,4.829795551261556,4658,55856,226.2559038213826,10.927697577231763
"Information and communication technologies","France",2017,7931,314538,2.521475942493435,15197,314651,-47.81206817134961,-1.205569796549141
"Information and communication technologies","France",2018,10238,307849,3.3256564094734755,7931,314538,29.088387340814524,0.9673798180122694
"Information and communication technologies","France",2019,9792,308317,3.175952023404483,10238,307849,-4.356319593670639,-0.13835462028114862
"Information and communication technologies","France",2020,10915,312547,3.492274761875814,9792,308317,11.468545751633986,0.40051312883849455
"Information and communication technologies","France",2021,10339,300502,3.440576102654891,10915,312547,-5.277141548327989,-0.18156407101504507
"Information and communication technologies","France",2022,16128,316809,5.090764466918554,10339,300502,55.991875423155044,2.8504144984032793
"Information and communication technologies","Croatia",2015,1563,31654,4.937764579516017,16128,316809,-90.30877976190477,-4.459234939276463
"Information and communication technologies","Croatia",2016,1455,30754,4.73109189048579,1563,31654,-6.90978886756238,-0.3269084607629337
"Information and communication technologies","Croatia",2017,1640,29787,5.505757545237856,1455,30754,12.714776632302405,0.7000447737931293
"Information and communication technologies","Croatia",2018,1669,28589,5.837909685543391,1640,29787,1.768292682926829,0.10323132980534044
"Information and communication technologies","Croatia",2019,1799,26935,6.679042138481529,1669,28589,7.789095266626722,0.520236955064469
"Information and communication technologies","Croatia",2020,2063,29106,7.087885659314231,1799,26935,14.674819344080046,1.0401344158193202
"Information and communication technologies","Croatia",2021,1997,28718,6.953826868166307,2063,29106,-3.1992244304411055,-0.2224685280169541
"Information and communication technologies","Croatia",2022,1967,28606,6.876179822414878,1997,28718,-1.5022533800701052,-0.10329764380192606
"Information and communication technologies","Hungary",2013,2322,29921,7.760435814311019,1967,28606,18.047788510421963,1.4005870432538952
"Information and communication technologies","Hungary",2014,1710,29628,5.771567436208992,2322,29921,-26.356589147286826,-1.5211883165201996
"Information and communication technologies","Hungary",2015,1577,27944,5.6434297165760094,1710,29628,-7.777777777777778,-0.43893342240035627
"Information and communication technologies","Hungary",2016,1612,29954,5.381585097148962,1577,27944,2.219403931515536,0.11943911122397824
"Information and communication technologies","Hungary",2017,3136,29865,10.50058597019923,1612,29954,94.54094292803971,9.9273529891958
"Information and communication technologies","Hungary",2018,3656,61442,5.950327137788483,3136,29865,16.581632653061224,0.9866613876434985
"Information and communication technologies","Hungary",2019,4185,61445,6.810969159410855,3656,61442,14.469365426695843,0.9855040167747108
"Information and communication technologies","Hungary",2020,4360,60918,7.157162086739551,4185,61445,4.1816009557945035,0.29928395822686293
"Information and communication technologies","Hungary",2021,4125,71149,5.797692167142195,4360,60918,-5.389908256880735,-0.31249028882532476
"Information and communication technologies","Hungary",2022,4574,74399,6.147932095861504,4125,71149,10.884848484848485,0.6691930935858946
"Information and communication technologies","Ireland",2018,3993,77190,5.1729498639720175,4361,,-8.438431552396239,-0.436515833511053
"Information and communication technologies","Ireland",2019,3435,56034,6.130206660241996,3993,77190,-13.974455296769348,-0.8566629893350949
"Information and communication technologies","Ireland",2020,3460,54004,6.406932819791127,3435,56034,0.727802037845706,0.04662978762584517
"Information and communication technologies","Ireland",2021,2963,45096,6.570427532375377,3460,54004,-14.364161849710982,-0.9437868449683705
"Information and communication technologies","Ireland",2022,3065,41277,7.425442740509243,2963,45096,3.442456969287884,0.2556176711211417
"Information and communication technologies","Italy",2016,5489,336484,1.6312811307521309,3065,41277,79.08646003262643,1.2901224994920604
"Information and communication technologies","Italy",2017,6182,323218,1.9126410039044854,5489,336484,12.625250501002002,0.24147571792782077
"Information and communication technologies","Italy",2018,6992,334383,2.0910153925289263,6182,323218,13.102555807182142,0.2739764587428713
"Information and communication technologies","Italy",2019,6949,382753,1.815531165007198,6992,334383,-0.6149885583524027,-0.011165308938116349
"Information and communication technologies","Italy",2020,7390,384430,1.922326561402596,6949,382753,6.346236868614189,0.12199539697489493
"Information and communication technologies","Italy",2021,8250,378764,2.1781373097760084,7390,384430,11.637347767253045,0.2534774135869239
"Information and communication technologies","Italy",2022,8970,383931,2.3363573142048963,8250,378764,8.727272727272728,0.20390027469424551
"Information and communication technologies","Lithuania",2013,796,8081,9.850266056181166,8970,383931,-91.12597547380156,-8.97615103045985
"Information and communication technologies","Lithuania",2014,977,7976,12.24924774322969,796,8081,22.738693467336685,2.785318896387656
"Information and communication technologies","Lithuania",2015,1223,7555,16.187954996690934,977,7976,25.179119754350047,4.075984574397102
"Information and communication technologies","Lithuania",2016,1351,7217,18.71968962172648,1223,7555,10.466067048242028,1.9592152670326977
"Information and communication technologies","Lithuania",2017,1677,7331,22.875460373755285,1351,7217,24.130273871206516,5.519911237486472
"Information and communication technologies","Lithuania",2018,1884,6175,30.510121457489877,1677,7331,12.343470483005367,3.7660078364343503
"Information and communication technologies","Lithuania",2019,1807,5640,32.03900709219858,1884,6175,-4.087048832271762,-1.309449865233169
"Information and communication technologies","Lithuania",2020,1667,5349,31.16470368293139,1807,5640,-7.74764803541782,-2.4145315526344184
"Information and communication technologies","Lithuania",2021,1714,6441,26.610774724421674,1667,5349,2.8194361127774443,0.7502737924701972
"Information and communication technologies","Lithuania",2022,1672,6284,26.607256524506685,1714,6441,-2.4504084014002334,-0.6519864492586236
"Information and communication technologies","Luxembourg",2013,56,3857,1.4519056261343013,1672,6284,-96.65071770334929,-1.4032772080341094
"Information and communication technologies","Luxembourg",2014,55,3776,1.4565677966101696,56,3857,-1.7857142857142856,-0.026010139225181594
"Information and communication technologies","Luxembourg",2015,41,3956,1.0364004044489383,55,3776,-25.454545454545453,-0.26381101204154794
"Information and communication technologies","Luxembourg",2016,69,3977,1.7349761126477243,41,3956,68.29268292682927,1.1848617354667386
"Information and communication technologies","Luxembourg",2017,74,3993,1.8532431755572252,69,3977,7.246376811594203,0.13429298373603082
"Information and communication technologies","Luxembourg",2018,118,3992,2.9559118236472948,74,3993,59.45945945945946,1.7575691924389318
"Information and communication technologies","Luxembourg",2019,89,3930,2.2646310432569976,118,3992,-24.576271186440678,-0.5565618665631604
"Information and communication technologies","Luxembourg",2020,109,3859,2.824565949727909,89,3930,22.47191011235955,0.6347339212871704
"Information and communication technologies","Luxembourg",2021,102,3757,2.7149321266968327,109,3859,-6.422018348623854,-0.1743534393291544
"Information and communication technologies","Luxembourg",2022,92,3803,2.4191427820141995,102,3757,-9.803921568627452,-0.23717086098178428
"Information and communication technologies","Latvia",2013,1180,8400,14.047619047619047,92,3803,1182.6086956521738,166.12836438923392
"Information and communication technologies","Latvia",2014,1091,8370,13.034647550776583,1180,8400,-7.5423728813559325,-0.9831217220500982
"Information and communication technologies","Latvia",2015,1122,8389,13.374657289307427,1091,8370,2.841429880843263,0.3800315086787628
"Information and communication technologies","Latvia",2016,1233,7873,15.661120284516702,1122,8389,9.893048128342247,1.5493621671848077
"Information and communication technologies","Latvia",2017,1219,8923,13.661324666591954,1233,7873,-1.1354420113544201,-0.1551164195720092
"Information and communication technologies","Latvia",2018,1266,8605,14.712376525276003,1219,8923,3.855619360131255,0.5672532376439475
"Information and communication technologies","Latvia",2019,1308,8909,14.681782467168032,1266,8605,3.3175355450236967,0.4870733519913566
"Information and communication technologies","Latvia",2020,1531,8488,18.03722902921772,1308,8909,17.04892966360856,3.075154490455314
"Information and communication technologies","Latvia",2021,1556,8570,18.156359393232204,1531,8488,1.6329196603527107,0.2964787621363848
"Information and communication technologies","Latvia",2022,1538,8635,17.811233352634627,1556,8570,-1.1568123393316194,-0.20604254521042623
"Information and communication technologies","Malta",2013,275,3094,8.888170652876536,1538,8635,-82.11963589076723,-7.298933377492239
"Information and communication technologies","Malta",2014,318,3415,9.31185944363104,275,3094,15.636363636363637,1.456036203913217
"Information and communication technologies","Malta",2015,196,3539,5.538287651879062,318,3415,-38.36477987421384,-2.1247518664441687
"Information and communication technologies","Malta",2016,377,3807,9.90281061203047,196,3539,92.3469387755102,9.144942452946506
"Information and communication technologies","Malta",2017,269,3325,8.090225563909774,377,3807,-28.647214854111407,-2.317624299475479
"Information and communication technologies","Malta",2018,337,2291,14.709733740724575,269,3325,25.27881040892193,3.7184457039749845
"Information and communication technologies","Malta",2019,279,2289,12.18872870249017,337,2291,-17.210682492581604,-2.0977633968677445
"Information and communication technologies","Malta",2020,266,2367,11.237853823405155,279,2289,-4.659498207885305,-0.5236275975063334
"Information and communication technologies","Malta",2021,311,2062,15.082444228903977,266,2367,16.917293233082706,2.5515413169198458
"Information and communication technologies","Malta",2022,266,2148,12.383612662942271,311,2062,-14.469453376205788,-1.791841060554348
"Information and communication technologies","Netherlands",2013,3511,116291,3.01915023518587,266,2148,1219.9248120300751,36.8313628314968
"Information and communication technologies","Netherlands",2014,4168,114188,3.650120853329597,3511,116291,18.712617487895187,0.6830331531294632
"Information and communication technologies","Netherlands",2015,4438,113317,3.9164467820362345,4168,114188,6.477927063339731,0.2537045660148233
"Information and communication technologies","Netherlands",2016,5094,114158,4.462236549343892,4438,113317,14.781433077963047,0.659582509321675
"Information and communication technologies","Netherlands",2017,5797,117579,4.9303021798110205,5094,114158,13.800549666274048,0.6804088010222119
"Information and communication technologies","Netherlands",2018,6699,117892,5.682319410986326,5797,117579,15.559772296015181,0.8841559614817435
"Information and communication technologies","Netherlands",2019,6846,122136,5.605226960110041,6699,117892,2.19435736677116,0.12299871072341784
"Information and communication technologies","Netherlands",2020,6950,122535,5.671848859509528,6846,122136,1.5191352614665496,0.08616305600189758
"Information and communication technologies","Netherlands",2021,7480,119407,6.26428936327016,6950,122535,7.625899280575539,0.47770839748678917
"Information and communication technologies","Netherlands",2022,6721,111050,6.052228725799189,7480,119407,-10.147058823529411,-0.6141232089413883
"Information and communication technologies","Poland",2013,20856,208967,9.98052324051166,6721,111050,210.31096563011457,20.990134802058073
"Information and communication technologies","Poland",2014,19876,194272,10.231016307033437,20856,208967,-4.698887610280016,-0.48074395765692224
"Information and communication technologies","Poland",2015,19299,182572,10.570624192099555,19876,194272,-2.902998591265848,-0.306865071384657
"Information and communication technologies","Poland",2016,20133,179104,11.240954975879935,19299,182572,4.32146743354578,0.48577420850219527
"Information and communication technologies","Poland",2017,22111,177793,12.436372635593077,20133,179104,9.824665971290916,1.2218320703920482
"Information and communication technologies","Poland",2018,24553,167761,14.635701980794106,22111,177793,11.044276604405047,1.6164074097552894
"Information and communication technologies","Poland",2019,23611,168392,14.021449950116395,24553,167761,-3.836598379016821,-0.5379467215008206
"Information and communication technologies","Poland",2020,17929,396197,4.525274042963475,23611,168392,-24.065054423785522,-1.0890096612645996
"Information and communication technologies","Poland",2021,9467,209232,4.524642502102929,17929,396197,-47.19727815271348,-2.1355081071334143
"Information and communication technologies","Poland",2022,10346,212284,4.873659814211151,9467,209232,9.284884335058624,0.4525136766337384
"Information and communication technologies","Portugal",2014,896,52622,1.7027098932005624,10346,212284,-91.33964817320704,-1.5552492258597832
"Information and communication technologies","Portugal",2015,901,37246,2.4190517102507654,896,52622,0.5580357142857143,0.013499172490238647
"Information and communication technologies","Portugal",2016,1076,41629,2.584736601888107,901,37246,19.42286348501665,0.5020298616319853
"Information and communication technologies","Portugal",2017,1053,40015,2.6315131825565414,1076,41629,-2.137546468401487,-0.05624981709925692
"Information and communication technologies","Portugal",2018,1353,38616,3.5037290242386576,1053,40015,28.49002849002849,0.9982133972189907
"Information and communication technologies","Portugal",2019,1260,37490,3.360896238997066,1353,38616,-6.873614190687362,-0.23101504081798016
"Information and communication technologies","Portugal",2020,1423,37287,3.8163434977337944,1260,37490,12.936507936507939,0.49370157946873694
"Information and communication technologies","Portugal",2021,1684,36717,4.586431353324073,1423,37287,18.341531974701336,0.8412217731676621
"Information and communication technologies","Portugal",2022,1681,36303,4.630471310910944,1684,36717,-0.17814726840855108,-0.008249058154829474
"Information and communication technologies","Romania",2013,2407,114890,2.0950474366785623,1681,36303,43.188578227245685,0.9048212010878263
"Information and communication technologies","Romania",2014,3478,116501,2.985382099724466,2407,114890,44.495222268383884,1.3283524008329468
"Information and communication technologies","Romania",2015,8134,116708,6.969530794804126,3478,116501,133.870040253019,9.33011368045084
"Information and communication technologies","Romania",2016,8940,111707,8.003079484723429,8134,116708,9.909023850504058,0.7930270549160418
"Information and communication technologies","Romania",2017,8814,105847,8.327113664062278,8940,111707,-1.4093959731543624,-0.11736200466128044
"Information and communication technologies","Romania",2018,9105,101431,8.976545632005994,8814,105847,3.3015656909462217,0.2963665508184416
"Information and communication technologies","Romania",2019,8928,102894,8.676890780803545,9105,101431,-1.943986820428336,-0.16867761320178223
"Information and communication technologies","Romania",2020,9227,107378,8.59300787870886,8928,102894,3.3490143369175627,0.28778106583041546
"Information and communication technologies","Romania",2021,9071,109915,8.25274075421917,9227,107378,-1.6906903652324698,-0.13952829279919696
"Information and communication technologies","Romania",2022,8617,83226,10.35373561146757,9071,109915,-5.004960864292801,-0.5182004153462988
"Information and communication technologies","Sweden",2013,2963,55957,5.295137337598513,8617,83226,-65.61448299872346,-3.4743769881376347
"Information and communication technologies","Sweden",2014,2899,49489,5.857867404877852,2963,55957,-2.1599730003374957,-0.12652835434093232
"Information and communication technologies","Sweden",2015,2836,44456,6.379341371243477,2899,49489,-2.1731631597102448,-0.1386334965120176
"Information and communication technologies","Sweden",2016,2517,36728,6.8530821171857985,2836,44456,-11.248236953455573,-0.7708509151559484
"Information and communication technologies","Sweden",2017,2490,37877,6.57391028856562,2517,36728,-1.0727056019070322,-0.07051870392978617
"Information and communication technologies","Sweden",2018,2498,39824,6.272599437525111,2490,37877,0.321285140562249,0.02015292991975939
"Information and communication technologies","Sweden",2019,2408,45785,5.259364420661789,2498,39824,-3.6028823058446755,-0.18948871011191393
"Information and communication technologies","Sweden",2020,2549,48663,5.238065881676016,2408,45785,5.855481727574751,0.3067139905798664
"Information and communication technologies","Sweden",2021,2604,44670,5.829415715245131,2549,48663,2.157708905453119,0.1257818220237278
"Information and communication technologies","Sweden",2022,2443,44407,5.501384916792397,2604,44670,-6.182795698924731,-0.34013939001673427
"Information and communication technologies","Slovenia",2013,814,17801,4.572776810291557,2443,44407,-66.68031109291854,-3.0491418026872474
"Information and communication technologies","Slovenia",2014,781,20118,3.8820956357490806,814,17801,-4.054054054054054,-0.15738225550334112
"Information and communication technologies","Slovenia",2015,741,20475,3.619047619047619,781,20118,-5.121638924455826,-0.18535455155173464
"Information and communication technologies","Slovenia",2016,803,23616,3.4002371273712737,741,20475,8.367071524966262,0.28450027246561266
"Information and communication technologies","Slovenia",2017,839,21378,3.9245953784264196,803,23616,4.483188044831881,0.17594699081363774
"Information and communication technologies","Slovenia",2018,821,20961,3.9167978626973903,839,21378,-2.1454112038140645,-0.08403142017705963
"Information and communication technologies","Slovenia",2019,904,19280,4.6887966804979255,821,20961,10.109622411693058,0.4740196400503384
"Information and communication technologies","Slovenia",2020,930,19321,4.81341545468661,904,19280,2.8761061946902653,0.1384389400684202
"Information and communication technologies","Slovenia",2021,996,18440,5.401301518438178,930,19321,7.096774193548387,0.38331817227625775
"Information and communication technologies","Slovenia",2022,1139,19650,5.796437659033079,996,18440,14.357429718875503,0.8322194630941068
"Information and communication technologies","Slovakia",2013,2355,39112,6.0211699734096955,1139,19650,106.76031606672521,6.428220094526945
"Information and communication technologies","Slovakia",2014,2301,37876,6.075087126412504,2355,39112,-2.2929936305732483,-0.1393013608604141
"Information and communication technologies","Slovakia",2015,1940,37354,5.193553568560262,2301,37876,-15.68883094306823,-0.8148078393091065
"Information and communication technologies","Slovakia",2016,1965,36443,5.391981999286557,1940,37354,1.2886597938144329,0.06948430411451748
"Information and communication technologies","Slovakia",2017,1942,34643,5.605750079381116,1965,36443,-1.1704834605597965,-0.06561437751947362
"Information and communication technologies","Slovakia",2018,1865,33442,5.576819568207643,1942,34643,-3.964984552008239,-0.2211200343728056
"Information and communication technologies","Slovakia",2019,2139,33164,6.449764805210469,1865,33442,14.691689008042896,0.9475793869317257
"Information and communication technologies","Slovakia",2020,2409,33704,7.1475195822454305,2139,33164,12.622720897615707,0.9022114479692689
"Information and communication technologies","Slovakia",2021,2586,34401,7.517223336530915,2409,33704,7.347447073474471,0.5523240060464807
"Information and communication technologies","Slovakia",2022,2497,34417,7.255135543481419,2586,34401,-3.4416086620262956,-0.24969337330620509
"Information and communication technologies","United Kingdom",2014,25266,1128555,2.238792083682231,2497,34417,911.8542250700841,20.414520205590996
"Information and communication technologies","United Kingdom",2015,28997,1279278,2.2666691680776188,25266,1128555,14.766880392622497,0.33471632494647335
"Information and communication technologies","United Kingdom",2016,26721,1321074,2.0226724619514123,28997,1279278,-7.849087836672759,-0.15876133818675775
"Information and communication technologies","United Kingdom",2017,28064,1287174,2.180280210756277,26721,1321074,5.026009505632274,0.10958109064202987
"Information and communication technologies","United Kingdom",2018,29646,1082428,2.7388426759100835,28064,1287174,5.637115165336374,0.15439171583843186
"Information and communication technologies","United Kingdom",2019,31744,1042663,3.0445119851764186,29646,1082428,7.076840045874653,0.21545524336841815
